{
    "type": "Wavepacket",
    "timesteps": [
        0.0,
        0.01,
        0.02,
        0.03,
        0.04,
        0.05,
        0.06,
        0.07,
        0.08,
        0.09,
        0.1,
        0.11,
        0.12,
        0.13,
        0.14,
        0.15,
        0.16,
        0.17,
        0.18,
        0.19
    ],
    "number of gaussians": 2,
    "gaussian0": {
        "coeffs": [
            0.4871229730267963,
            0.487138002639293,
            0.48714717279525455,
            0.4871839980598027,
            0.4872126239180544,
            0.4872664385745798,
            0.48730975894869244,
            0.4873757481979468,
            0.4874290077151596,
            0.48750236994958107,
            0.4875608389624094,
            0.48763680454269887,
            0.48769579605125446,
            0.4877696432348254,
            0.4878245270056555,
            0.4878915952706349,
            0.4879378094628558,
            0.4879935105806305,
            0.48802657128641214,
            0.4880663985771576
        ],
        "centre": [
            [
                0.18030833377064925
            ],
            [
                0.18030833377064925
            ],
            [
                0.18022045187494234
            ],
            [
                0.18013256997923544
            ],
            [
                0.1799568918547171
            ],
            [
                0.17978121373019879
            ],
            [
                0.1795179106271523
            ],
            [
                0.17925460752410585
            ],
            [
                0.17890393610926822
            ],
            [
                0.1785532646944306
            ],
            [
                0.17811556680079493
            ],
            [
                0.17767786890715925
            ],
            [
                0.17715357120075736
            ],
            [
                0.1766292734943555
            ],
            [
                0.17601888705834579
            ],
            [
                0.1754085006223361
            ],
            [
                0.17471262045880182
            ],
            [
                0.17401674029526754
            ],
            [
                0.17323604474521132
            ],
            [
                0.1724553491951551
            ]
        ],
        "momentum": [
            [
                0.0
            ],
            [
                -0.004394094785345481
            ],
            [
                -0.008788189570690962
            ],
            [
                -0.013178001011261672
            ],
            [
                -0.017567812451832383
            ],
            [
                -0.021949061378239695
            ],
            [
                -0.026330310304647
            ],
            [
                -0.030698725894204408
            ],
            [
                -0.03506714148376181
            ],
            [
                -0.0394184654236646
            ],
            [
                -0.043769789363567395
            ],
            [
                -0.04809978000187773
            ],
            [
                -0.05242977064018806
            ],
            [
                -0.05673420712057911
            ],
            [
                -0.061038643600970166
            ],
            [
                -0.06531332997719878
            ],
            [
                -0.0695880163534274
            ],
            [
                -0.07382878567952454
            ],
            [
                -0.07806955500562168
            ],
            [
                -0.08227227339781348
            ]
        ],
        "phase": [
            0.0,
            -0.0034569745817136306,
            -0.006914142244117087,
            -0.010371200844319691,
            -0.013828837798919618,
            -0.017286257324265093,
            -0.020744637818159262,
            -0.02420269390333004,
            -0.027662089150128376,
            -0.03112105508334731,
            -0.03458173220591813,
            -0.03804187786360743,
            -0.04150409885277036,
            -0.04496568964751051,
            -0.04842971034073534,
            -0.0518930061866251,
            -0.05535907527071778,
            -0.0588243295701686,
            -0.062292687611832244,
            -0.06576014626774666
        ]
    },
    "gaussian1": {
        "coeffs": [
            0.33497218789284006,
            0.33498252306991033,
            0.33503074321245957,
            0.3351016436188129,
            0.3352124554861688,
            0.3353479820931117,
            0.3355254657445962,
            0.3357297167857347,
            0.3359779778249559,
            0.3362550713962107,
            0.3365782246957949,
            0.3369322830555646,
            0.3373344381344869,
            0.33776957345340913,
            0.33825482118425204,
            0.33877512236668705,
            0.33934752257408873,
            0.3399570426713406,
            0.3406206120926443,
            0.3413233557513741
        ],
        "centre": [
            [
                -0.8067652767904414
            ],
            [
                -0.8067652767904414
            ],
            [
                -0.8066835542292131
            ],
            [
                -0.8066018316679848
            ],
            [
                -0.8064384031019598
            ],
            [
                -0.8062749745359347
            ],
            [
                -0.8060298730746216
            ],
            [
                -0.8057847716133084
            ],
            [
                -0.8054580469125856
            ],
            [
                -0.8051313222118626
            ],
            [
                -0.8047230404639177
            ],
            [
                -0.8043147587159728
            ],
            [
                -0.8038250026358932
            ],
            [
                -0.8033352465558136
            ],
            [
                -0.8027641153648285
            ],
            [
                -0.8021929841738434
            ],
            [
                -0.8015405935792226
            ],
            [
                -0.8008882029846017
            ],
            [
                -0.8001546851562138
            ],
            [
                -0.7994211673278258
            ]
        ],
        "momentum": [
            [
                0.0
            ],
            [
                0.004086128061413745
            ],
            [
                0.00817225612282749
            ],
            [
                0.012257556362667123
            ],
            [
                0.016342856602506756
            ],
            [
                0.020426501366909156
            ],
            [
                0.02451014613131155
            ],
            [
                0.028591308101801573
            ],
            [
                0.03267247007229159
            ],
            [
                0.03675032243339116
            ],
            [
                0.04082817479449072
            ],
            [
                0.04490189140122595
            ],
            [
                0.04897560800796117
            ],
            [
                0.053044363553233706
            ],
            [
                0.057113119098506235
            ],
            [
                0.06117608928029482
            ],
            [
                0.06523905946208339
            ],
            [
                0.0692954211504418
            ],
            [
                0.07335178283880019
            ],
            [
                0.07740071424261773
            ]
        ],