{
    "type": "Wavepacket",
    "timesteps": [
        0.0,
        0.05,
        0.1,
        0.15000000000000002,
        0.2,
        0.25,
        0.30000000000000004,
        0.35000000000000003,
        0.4,
        0.45,
        0.5,
        0.55,
        0.6000000000000001,
        0.65,
        0.7000000000000001,
        0.75,
        0.8,
        0.8500000000000001,
        0.9,
        0.9500000000000001
    ],
    "gaussian0": {
        "coeffs": [
            0.4087007701337557,
            0.4090918311357632,
            0.4065428158483234,
            0.4043701299410975,
            0.3991793810565848,
            0.39437464351919604,
            0.3870160167560371,
            0.38057048880710087,
            0.3724244447567429,
            0.3660940812697067,
            0.35875582784760507,
            0.35401282998156997,
            0.34825736191429413,
            0.3455516195515208,
            0.3412391223293837,
            0.3403290993072955,
            0.3369758315332181,
            0.33744598251504454,
            0.33460143687087335,
            0.33609503445924754
        ],
        "centre": [
            [
                1.0
            ],
            [
                1.0
            ],
            [
                0.995
            ],
            [
                0.99
            ],
            [
                0.98005
            ],
            [
                0.9701
            ],
            [
                0.9552995
            ],
            [
                0.940499
            ],
            [
                0.920996005
            ],
            [
                0.9014930099999999
            ],
            [
                0.87748254995
            ],
            [
                0.8534720898999999
            ],
            [
                0.8251942694005
            ],
            [
                0.7969164489009999
            ],
            [
                0.764654046156995
            ],
            [
                0.7323916434129899
            ],
            [
                0.69646728245192
            ],
            [
                0.66054292149085
            ],
            [
                0.6213158459223258
            ],
            [
                0.5820887703538016
            ]
        ],
        "momentum": [
            [
                0.0
            ],
            [
                -0.05
            ],
            [
                -0.1
            ],
            [
                -0.14950000000000002
            ],
            [
                -0.199
            ],
            [
                -0.24750500000000003
            ],
            [
                -0.29601
            ],
            [
                -0.34303495000000006
            ],
            [
                -0.3900599
            ],
            [
                -0.43513455050000005
            ],
            [
                -0.48020920100000003
            ],
            [
                -0.5228828054950001
            ],
            [
                -0.56555640999
            ],
            [
                -0.6054022324350501
            ],
            [
                -0.6452480548801001
            ],
            [
                -0.6818676370507496
            ],
            [
                -0.718487219221399
            ],
            [
                -0.7515143652959416
            ],
            [
                -0.784541511370484
            ],
            [
                -0.8136459498881742
            ]
        ],
        "phase": [
            0.0,
            -0.1,
            -0.200125,
            -0.29900375,
            -0.3982575125,
            -0.495058500375,
            -0.59248455025125,
            -0.6863291665850375,
            -0.7810489544474751,
            -0.871171549048332,
            -0.962419505361246,
            -1.0481979367045982,
            -1.1353520180111032,
            -1.2163324766863508,
            -1.2989389851423172,
            -1.374854100848318,
            -1.452645786766353,
            -1.5234252963864372,
            -1.5963320214984111,
            -1.6621055725987377
        ]
    },
    "gaussian1": {
        "coeffs": [
            0.31414655166669947,
            0.3144471394665017,
            0.31824450254169634,
            0.32290964499546965,
            0.33106404565552594,
            0.33983847897573216,
            0.3515333082404028,
            0.36299864368845314,
            0.37639426263807957,
            0.38831900177978107,
            0.40131144971160704,
            0.41175330397417964,
            0.42302315390806705,
            0.43104815801766094,
            0.44017145428482557,
            0.44556273602946384,
            0.45253866617498395,
            0.45536733838041954,
            0.46033476872712664,
            0.4607829672868127
        ],
        "centre": [
            [
                0.03298805459220522
            ],
            [
                0.03298805459220522
            ],
            [
                0.03294905773837716
            ],
            [
                0.032910060884549105
            ],
            [
                0.03283215937721382
            ],
            [
                0.03275425786987854
            ],
            [
                0.03263763589168833
            ],
            [
                0.03252101391349812
            ],
            [
                0.03236594719397344
            ],
            [
                0.03221088047444875
            ],
            [
                0.03201773563807046
            ],
            [
                0.03182459080169217
            ],
            [
                0.03159382450109075
            ],
            [
                0.03136305820048933
            ],
            [
                0.03109521603678035
            ],
            [
                0.03082737387307137
            ],
            [
                0.030523089105889946
            ],
            [
                0.030218804338708525
            ],
            [
                0.0298787963889926
            ],
            [
                0.029538788439276684
            ]
        ],
        "momentum": [
            [
                0.0
            ],
            [
                -0.0003899685382805718
            ],
            [
                -0.0007799370765611436
            ],
            [
                -0.0011689836116334108
            ],
            [
                -0.0015580301467056782
            ],
            [
                -0.0019452348552549243
            ],
            [
                -0.002332439563804171
            ],
            [
                -0.00271688697714893
            ],
            [
                -0.0031013343904936893
            ],
            [
                -0.0034821155590297414
            ],
            [
                -0.003862896727565794
            ],
            [
                -0.004239111369797098
            ],
            [
                -0.004615326012028403
            ],
            [
                -0.004986084643104007
            ],
            [
                -0.005356843274179612
            ],
            [
                -0.0057212693089040405
            ],
            [
                -0.00608569534362847
            ],
            [
                -0.006442927168973433
            ],
            [
                -0.006800158994318396
            ],
            [
                -0.0071493520065357835
            ]
        ],